glottocode,subsistence,source
aari1239,other,dplace
aasa1238,hunter-gatherer,guldemannmr_2020
abab1239,other,dplace
abau1245,hunter-gatherer,guldemannmr_2020
aben1249,hunter-gatherer,guldemannmr_2020
abin1243,hunter-gatherer,guldemannmr_2020
abip1241,hunter-gatherer,guldemannmr_2020
abkh1244,other,dplace
abom1238,hunter-gatherer,guldemannmr_2020
abro1238,other,dplace
abui1241,other,dplace
abur1243,other,dplace
abuu1241,hunter-gatherer,guldemannmr_2020
ache1246,hunter-gatherer,guldemannmr_2020
achu1247,hunter-gatherer,guldemannmr_2020
acom1246,other,dplace
adam1253,other,dplace
adan1247,other,dplace
adny1235,hunter-gatherer,guldemannmr_2020
adze1240,other,dplace
aeky1238,hunter-gatherer,guldemannmr_2020
afar1241,other,dplace
afik1238,other,dplace
afri1274,other,dplace
aghu1254,hunter-gatherer,guldemannmr_2020
agob1244,hunter-gatherer,guldemannmr_2020
agus1235,other,dplace
aguu1242,other,dplace
ahte1237,hunter-gatherer,guldemannmr_2020
aika1237,other,autotyp
aime1238,hunter-gatherer,guldemannmr_2020
aimo1244,other,dplace
ainu1240,hunter-gatherer,guldemannmr_2020
aiom1240,hunter-gatherer,guldemannmr_2020
airo1242,hunter-gatherer,guldemannmr_2020
ajie1238,other,dplace
ajyi1238,other,dplace
akab1248,hunter-gatherer,guldemannmr_2020
akab1249,hunter-gatherer,guldemannmr_2020
akac1240,hunter-gatherer,guldemannmr_2020
akaj1239,hunter-gatherer,guldemannmr_2020
akak1251,hunter-gatherer,guldemannmr_2020
akak1252,hunter-gatherer,guldemannmr_2020
akak1253,hunter-gatherer,guldemannmr_2020
akar1243,hunter-gatherer,guldemannmr_2020
akaw1239,hunter-gatherer,cysouwc_2013
akha1245,other,dplace
akim1239,other,dplace
akka1237,other,autotyp
akka1240,other,dplace
akkk1240,hunter-gatherer,guldemannmr_2020
akla1241,other,dplace
akru1241,hunter-gatherer,guldemannmr_2020
akur1238,hunter-gatherer,guldemannmr_2020
akye1239,other,dplace
alab1246,hunter-gatherer,guldemannmr_2020
alac1244,other,autotyp
alam1246,hunter-gatherer,guldemannmr_2020
alaw1244,hunter-gatherer,guldemannmr_2020
alba1270,hunter-gatherer,dplace
aleu1260,hunter-gatherer,guldemannmr_2020
algi1247,other,dplace
algo1255,hunter-gatherer,guldemannmr_2020
alla1247,hunter-gatherer,guldemannmr_2020
alla1248,hunter-gatherer,dplace
alng1239,hunter-gatherer,guldemannmr_2020
alse1251,hunter-gatherer,guldemannmr_2020
aluk1238,hunter-gatherer,guldemannmr_2020
alur1250,other,dplace
alut1245,hunter-gatherer,guldemannmr_2020
alya1239,hunter-gatherer,guldemannmr_2020
amah1246,other,dplace
amal1242,hunter-gatherer,guldemannmr_2020
amap1240,hunter-gatherer,guldemannmr_2020
amar1271,hunter-gatherer,guldemannmr_2020
amar1274,hunter-gatherer,guldemannmr_2020
amar1281,other,dplace
amas1236,other,dplace
amba1263,other,dplace
amba1267,hunter-gatherer,guldemannmr_2020
amba1269,hunter-gatherer,guldemannmr_2020
ambo1250,other,dplace
ambu1247,hunter-gatherer,guldemannmr_2020
amha1245,other,dplace
amii1238,hunter-gatherer,guldemannmr_2020
amis1246,other,dplace
amto1250,hunter-gatherer,guldemannmr_2020
anas1239,hunter-gatherer,guldemannmr_2020
anci1244,other,dplace
anda1283,hunter-gatherer,guldemannmr_2020
anda1284,hunter-gatherer,guldemannmr_2020
ande1247,hunter-gatherer,guldemannmr_2020
ando1255,hunter-gatherer,guldemannmr_2020
ando1256,other,autotyp
anfi1235,other,dplace
anga1288,other,dplace
ango1254,hunter-gatherer,guldemannmr_2020
ango1255,hunter-gatherer,guldemannmr_2020
angu1242,hunter-gatherer,cysouwc_2013
anii1246,hunter-gatherer,guldemannmr_2020
anin1240,hunter-gatherer,guldemannmr_2020
anma1239,hunter-gatherer,guldemannmr_2020
anor1241,hunter-gatherer,guldemannmr_2020
anta1253,hunter-gatherer,guldemannmr_2020
anua1242,other,dplace
anyi1245,other,dplace
aohe1237,hunter-gatherer,guldemannmr_2020
aona1235,other,dplace
apin1244,other,dplace
apma1241,hunter-gatherer,guldemannmr_2020
apuc1241,hunter-gatherer,guldemannmr_2020
arab1267,hunter-gatherer,guldemannmr_2020
arab1268,hunter-gatherer,guldemannmr_2020
aran1237,hunter-gatherer,guldemannmr_2020
aran1261,hunter-gatherer,guldemannmr_2020
arao1248,hunter-gatherer,guldemannmr_2020
arap1274,hunter-gatherer,guldemannmr_2020
araw1273,hunter-gatherer,guldemannmr_2020
araw1276,other,dplace
araw1280,other,dplace
arbo1245,other,dplace
areb1238,hunter-gatherer,guldemannmr_2020
arii1243,hunter-gatherer,guldemannmr_2020
arik1262,other,dplace
arik1265,hunter-gatherer,guldemannmr_2020
ariz1237,other,dplace
arta1239,hunter-gatherer,guldemannmr_2020
arua1260,hunter-gatherer,guldemannmr_2020
arua1263,hunter-gatherer,guldemannmr_2020
arut1244,hunter-gatherer,guldemannmr_2020
asan1239,other,dplace
ashe1269,other,dplace
asho1236,other,dplace
asoa1238,hunter-gatherer,guldemannmr_2020
assi1247,hunter-gatherer,guldemannmr_2020
asut1235,other,dplace
ataa1240,hunter-gatherer,guldemannmr_2020
atac1235,other,autotyp
atak1252,other,autotyp
atam1239,hunter-gatherer,guldemannmr_2020
atam1240,hunter-gatherer,guldemannmr_2020
atat1238,other,autotyp
atay1247,other,dplace
atii1237,hunter-gatherer,guldemannmr_2020
atik1240,hunter-gatherer,guldemannmr_2020
atoh1238,hunter-gatherer,guldemannmr_2020
atsa1241,other,dplace
atsu1245,hunter-gatherer,guldemannmr_2020
atti1239,other,dplace
aush1242,hunter-gatherer,guldemannmr_2020
auuu1241,hunter-gatherer,guldemannmr_2020
awab1243,hunter-gatherer,guldemannmr_2020
awar1249,hunter-gatherer,guldemannmr_2020
awbo1238,hunter-gatherer,guldemannmr_2020
awee1242,hunter-gatherer,guldemannmr_2020
awer1241,hunter-gatherer,guldemannmr_2020
awet1244,other,dplace
awtu1239,hunter-gatherer,guldemannmr_2020
awun1244,other,dplace
awun1245,hunter-gatherer,guldemannmr_2020
awyi1241,other,autotyp
ayab1239,hunter-gatherer,guldemannmr_2020
ayip1235,hunter-gatherer,guldemannmr_2020
ayor1240,hunter-gatherer,guldemannmr_2020
ayut1236,other,autotyp
babi1235,hunter-gatherer,guldemannmr_2020
baca1246,other,dplace
badi1246,hunter-gatherer,guldemannmr_2020
baff1240,hunter-gatherer,dplace
bafi1243,other,dplace
bafu1246,other,dplace
bagi1246,other,dplace
bagu1251,hunter-gatherer,guldemannmr_2020
bahi1254,hunter-gatherer,guldemannmr_2020
baib1251,hunter-gatherer,guldemannmr_2020
bain1259,other,dplace
baka1272,hunter-gatherer,guldemannmr_2020
baka1277,other,dplace
bakh1245,other,dplace
bako1249,other,dplace
bakw1243,other,dplace
bala1301,other,dplace
bali1274,other,dplace
bali1278,other,dplace
bamb1269,other,dplace
bamu1253,other,dplace
bamu1257,hunter-gatherer,guldemannmr_2020
bana1292,hunter-gatherer,guldemannmr_2020
bana1306,hunter-gatherer,guldemannmr_2020
band1337,hunter-gatherer,guldemannmr_2020
band1339,hunter-gatherer,cysouwc_2013
band1349,other,dplace
band1352,other,dplace
bang1339,hunter-gatherer,guldemannmr_2020
bank1259,other,dplace
bann1248,hunter-gatherer,dplace
baou1238,other,dplace
bara1361,other,dplace
bara1375,hunter-gatherer,guldemannmr_2020
bara1378,hunter-gatherer,guldemannmr_2020
bara1380,other,autotyp
barb1263,hunter-gatherer,guldemannmr_2020
bard1255,hunter-gatherer,guldemannmr_2020
barr1247,hunter-gatherer,guldemannmr_2020
basa1282,other,dplace
basa1286,hunter-gatherer,guldemannmr_2020
bask1236,other,dplace
basq1248,other,autotyp
bass1257,other,dplace
bass1258,other,dplace
bata1285,other,dplace
bata1289,other,dplace
bata1297,hunter-gatherer,guldemannmr_2020
bata1301,hunter-gatherer,guldemannmr_2020
bata1314,other,dplace
bate1262,hunter-gatherer,guldemannmr_2020
bauu1243,hunter-gatherer,dplace
bauz1241,hunter-gatherer,guldemannmr_2020
baya1255,other,dplace
baya1257,hunter-gatherer,guldemannmr_2020
baym1241,hunter-gatherer,guldemannmr_2020
bayo1260,hunter-gatherer,guldemannmr_2020
bayu1240,hunter-gatherer,guldemannmr_2020
beam1240,hunter-gatherer,guldemannmr_2020
beav1236,hunter-gatherer,guldemannmr_2020
bela1254,other,dplace
belh1239,other,autotyp
bell1243,hunter-gatherer,guldemannmr_2020
bell1263,hunter-gatherer,dplace
bena1260,other,dplace
bena1262,other,dplace
bend1258,other,dplace
beng1280,other,dplace
beot1247,hunter-gatherer,guldemannmr_2020
bera1259,other,dplace
beri1253,hunter-gatherer,guldemannmr_2020
beri1254,hunter-gatherer,guldemannmr_2020
bero1242,other,dplace
beta1253,hunter-gatherer,guldemannmr_2020
beto1236,other,autotyp
bets1235,other,dplace
bhil1251,other,dplace
bhoj1244,other,dplace
biaf1240,other,dplace
biak1248,hunter-gatherer,guldemannmr_2020
bian1251,hunter-gatherer,guldemannmr_2020
bidy1243,hunter-gatherer,guldemannmr_2020
bidy1244,other,dplace
bika1251,hunter-gatherer,guldemannmr_2020
bila1255,hunter-gatherer,dplace
bili1250,hunter-gatherer,cysouwc_2013
bili1260,other,dplace
bilo1248,hunter-gatherer,guldemannmr_2020
bine1240,hunter-gatherer,guldemannmr_2020
bini1246,other,dplace
binj1250,other,dplace
bira1253,hunter-gatherer,guldemannmr_2020
birh1242,hunter-gatherer,guldemannmr_2020
biri1256,hunter-gatherer,guldemannmr_2020
biri1259,hunter-gatherer,guldemannmr_2020
bish1251,other,dplace
bisi1244,hunter-gatherer,guldemannmr_2020
biss1248,other,dplace
bita1251,other,dplace
bitu1242,hunter-gatherer,guldemannmr_2020
biwa1243,hunter-gatherer,guldemannmr_2020
bloo1239,hunter-gatherer,dplace
bogh1241,other,dplace
boik1241,hunter-gatherer,guldemannmr_2020
boky1238,other,dplace
bola1250,other,dplace
bomv1238,other,dplace
bomw1238,other,dplace
bond1245,other,autotyp
bone1255,hunter-gatherer,guldemannmr_2020
bong1285,other,dplace
bong1287,hunter-gatherer,dplace
boon1242,hunter-gatherer,guldemannmr_2020
bopa1235,hunter-gatherer,guldemannmr_2020
bora1263,hunter-gatherer,guldemannmr_2020
bora1271,other,dplace
bord1248,hunter-gatherer,cysouwc_2013
bore1247,hunter-gatherer,guldemannmr_2020
bori1243,other,dplace
boro1274,other,dplace
boro1282,hunter-gatherer,guldemannmr_2020
boto1242,hunter-gatherer,guldemannmr_2020
boun1243,other,dplace
brah1256,other,autotyp
braz1246,other,dplace
brer1240,hunter-gatherer,guldemannmr_2020
brib1243,other,dplace
bube1242,other,dplace
budu1250,other,dplace
budz1238,other,dplace
buga1250,other,dplace
buka1261,hunter-gatherer,guldemannmr_2020
buki1248,hunter-gatherer,guldemannmr_2020
buki1249,other,dplace
buku1249,other,dplace
bula1255,hunter-gatherer,cysouwc_2013
bulg1262,other,dplace
buli1254,other,dplace
buna1275,hunter-gatherer,guldemannmr_2020
bunn1240,hunter-gatherer,guldemannmr_2020
bunu1267,other,dplace
bura1267,hunter-gatherer,guldemannmr_2020
bura1276,hunter-gatherer,guldemannmr_2020
bura1292,other,dplace
burd1238,hunter-gatherer,guldemannmr_2020
burj1242,other,dplace
burm1264,hunter-gatherer,guldemannmr_2020
buru1296,other,dplace
buru1309,hunter-gatherer,guldemannmr_2020
busa1253,hunter-gatherer,autotyp
bush1247,other,dplace
buyu1238,hunter-gatherer,guldemannmr_2020
buyu1239,other,dplace
bwaa1238,other,dplace
bwai1242,other,dplace
cacu1241,hunter-gatherer,guldemannmr_2020
cadd1256,other,dplace
cahu1264,hunter-gatherer,guldemannmr_2020
caja1238,other,autotyp
cama1250,hunter-gatherer,guldemannmr_2020
cama1252,other,dplace
came1252,other,dplace
cand1248,other,autotyp
cane1242,other,dplace
cani1243,hunter-gatherer,guldemannmr_2020
cari1277,hunter-gatherer,cysouwc_2013
carn1240,other,dplace
carr1249,hunter-gatherer,guldemannmr_2020
casi1235,hunter-gatherer,guldemannmr_2020
casu1237,hunter-gatherer,guldemannmr_2020
cata1286,other,dplace
cavi1250,hunter-gatherer,guldemannmr_2020
cayu1241,hunter-gatherer,guldemannmr_2020
ceba1235,other,dplace
cebu1242,other,dplace
cent1972,other,dplace
cent1989,other,dplace
cent2004,other,dplace
cent2050,other,dplace
cent2084,hunter-gatherer,guldemannmr_2020
cent2089,other,dplace
cent2100,other,dplace
cent2117,hunter-gatherer,guldemannmr_2020
cent2118,hunter-gatherer,guldemannmr_2020
cent2126,other,dplace
cent2127,hunter-gatherer,guldemannmr_2020
cent2128,hunter-gatherer,guldemannmr_2020
cent2131,other,dplace
cent2132,other,dplace
cent2136,hunter-gatherer,guldemannmr_2020
cent2138,hunter-gatherer,guldemannmr_2020
cent2140,hunter-gatherer,guldemannmr_2020
cent2142,other,dplace
cent2150,other,dplace
cent2194,other,dplace
cent2292,other,dplace
chac1249,other,dplace
chac1251,other,dplace
chak1266,other,dplace
cham1312,other,dplace
cham1313,hunter-gatherer,guldemannmr_2020
cham1315,hunter-gatherer,guldemannmr_2020
chan1319,hunter-gatherer,guldemannmr_2020
char1283,other,dplace
chay1248,other,autotyp
chay1249,other,autotyp
chem1251,hunter-gatherer,dplace
chen1255,hunter-gatherer,guldemannmr_2020
chen1259,hunter-gatherer,guldemannmr_2020
chep1245,other,autotyp
cher1273,other,dplace
chet1237,hunter-gatherer,guldemannmr_2020
chew1246,other,dplace
chey1247,hunter-gatherer,guldemannmr_2020
chha1249,other,dplace
chib1270,other,dplace
chic1270,other,dplace
chic1272,hunter-gatherer,dplace
chig1238,other,dplace
chil1280,hunter-gatherer,guldemannmr_2020
chil1281,hunter-gatherer,dplace
chim1301,hunter-gatherer,guldemannmr_2020
chim1310,hunter-gatherer,cysouwc_2013
chin1286,hunter-gatherer,guldemannmr_2020
chip1241,hunter-gatherer,guldemannmr_2020
chip1261,hunter-gatherer,guldemannmr_2020
chiq1248,other,dplace
chit1248,hunter-gatherer,cysouwc_2013
choc1276,other,dplace
chok1245,other,dplace
chor1273,other,dplace
chor1274,hunter-gatherer,cysouwc_2013
chug1254,hunter-gatherer,dplace
chuk1273,hunter-gatherer,guldemannmr_2020
chum1264,hunter-gatherer,guldemannmr_2020
chut1247,hunter-gatherer,guldemannmr_2020
chuu1238,other,dplace
chuv1255,other,dplace
cind1241,other,dplace
cint1239,hunter-gatherer,guldemannmr_2020
clal1241,hunter-gatherer,guldemannmr_2020
clas1250,other,dplace
clel1238,other,dplace
coah1252,hunter-gatherer,guldemannmr_2020
coas1301,hunter-gatherer,guldemannmr_2020
coat1241,other,autotyp
coca1259,hunter-gatherer,dplace
coch1272,hunter-gatherer,guldemannmr_2020
coch1273,other,dplace
coco1261,hunter-gatherer,guldemannmr_2020
coeu1236,hunter-gatherer,guldemannmr_2020
cofa1242,other,autotyp
cogu1240,other,dplace
cola1237,hunter-gatherer,cysouwc_2013
colu1241,hunter-gatherer,guldemannmr_2020
coma1245,hunter-gatherer,guldemannmr_2020
coma1246,other,autotyp
come1251,hunter-gatherer,guldemannmr_2020
comm1246,other,autotyp
como1259,hunter-gatherer,guldemannmr_2020
cond1242,hunter-gatherer,cysouwc_2013
cons1245,other,dplace
coos1249,hunter-gatherer,guldemannmr_2020
copi1238,other,dplace
copp1244,hunter-gatherer,cysouwc_2013
coqu1236,hunter-gatherer,guldemannmr_2020
coto1248,hunter-gatherer,guldemannmr_2020
cowi1241,hunter-gatherer,dplace
cowl1242,hunter-gatherer,guldemannmr_2020
cree1270,other,dplace
cree1272,hunter-gatherer,autotyp
crow1244,hunter-gatherer,guldemannmr_2020
cruz1243,hunter-gatherer,guldemannmr_2020
cube1242,other,dplace
cuib1242,hunter-gatherer,guldemannmr_2020
culi1244,hunter-gatherer,guldemannmr_2020
cupe1243,hunter-gatherer,guldemannmr_2020
curr1243,other,dplace
cusc1236,other,dplace
czec1258,other,dplace
daas1238,other,dplace
dabe1239,hunter-gatherer,guldemannmr_2020
dagb1246,other,dplace
dago1245,hunter-gatherer,guldemannmr_2020
daha1245,hunter-gatherer,guldemannmr_2020
dako1258,hunter-gatherer,guldemannmr_2020
dalo1238,other,dplace
dama1270,hunter-gatherer,dplace
dama1272,hunter-gatherer,guldemannmr_2020
dann1241,other,dplace
dara1255,hunter-gatherer,guldemannmr_2020
darg1241,other,autotyp
darl1243,hunter-gatherer,guldemannmr_2020
dato1239,other,dplace
daur1238,other,dplace
daww1239,hunter-gatherer,guldemannmr_2020
dayi1244,hunter-gatherer,guldemannmr_2020
dege1248,hunter-gatherer,guldemannmr_2020
dehu1237,other,dplace
demi1242,hunter-gatherer,guldemannmr_2020
demt1241,hunter-gatherer,guldemannmr_2020
deni1241,other,autotyp
dera1245,hunter-gatherer,guldemannmr_2020
dera1248,other,dplace
dhal1245,hunter-gatherer,guldemannmr_2020
dhan1270,hunter-gatherer,guldemannmr_2020
dhar1247,hunter-gatherer,guldemannmr_2020
dhar1248,hunter-gatherer,cysouwc_2013
dhop1238,other,dplace
dhur1239,hunter-gatherer,guldemannmr_2020
dhuw1249,hunter-gatherer,guldemannmr_2020
dibi1240,hunter-gatherer,guldemannmr_2020
dica1235,hunter-gatherer,guldemannmr_2020
dier1241,hunter-gatherer,guldemannmr_2020
digo1243,other,dplace
dill1242,other,dplace
dime1235,other,dplace
ding1239,other,dplace
dira1238,hunter-gatherer,guldemannmr_2020
dita1238,other,dplace
diti1235,hunter-gatherer,cysouwc_2013
djam1255,hunter-gatherer,guldemannmr_2020
djam1256,hunter-gatherer,guldemannmr_2020
djan1238,hunter-gatherer,guldemannmr_2020
djap1238,hunter-gatherer,cysouwc_2013
djau1244,hunter-gatherer,guldemannmr_2020
djaw1238,hunter-gatherer,guldemannmr_2020
djee1236,hunter-gatherer,guldemannmr_2020
djeo1235,hunter-gatherer,guldemannmr_2020
djin1251,hunter-gatherer,guldemannmr_2020
djin1252,hunter-gatherer,guldemannmr_2020
djin1253,hunter-gatherer,guldemannmr_2020
djiw1240,hunter-gatherer,guldemannmr_2020
dobu1241,other,dplace
dogo1295,other,dplace
dogo1299,other,autotyp
dogr1252,hunter-gatherer,guldemannmr_2020
doko1244,other,dplace
dolg1241,hunter-gatherer,guldemannmr_2020
dorz1235,other,dplace
doso1239,hunter-gatherer,guldemannmr_2020
dout1240,hunter-gatherer,guldemannmr_2020
doya1240,other,dplace
drun1238,hunter-gatherer,guldemannmr_2020
dual1243,other,dplace
dubu1240,hunter-gatherer,guldemannmr_2020
dupa1235,hunter-gatherer,guldemannmr_2020
duri1243,hunter-gatherer,guldemannmr_2020
duru1236,other,autotyp
duru1249,other,dplace
dutc1256,other,dplace
duvl1242,hunter-gatherer,guldemannmr_2020
dyaa1242,hunter-gatherer,guldemannmr_2020
dyab1238,hunter-gatherer,guldemannmr_2020
dyan1250,hunter-gatherer,guldemannmr_2020
dyan1251,other,dplace
dyir1250,hunter-gatherer,guldemannmr_2020
dyug1238,hunter-gatherer,guldemannmr_2020
dyul1238,other,dplace
east2270,other,dplace
east2304,other,dplace
east2328,other,dplace
east2333,other,dplace
east2342,other,autotyp
east2379,hunter-gatherer,guldemannmr_2020
east2420,other,dplace
east2447,other,dplace
east2485,hunter-gatherer,guldemannmr_2020
east2533,hunter-gatherer,dplace
east2534,hunter-gatherer,guldemannmr_2020
east2542,hunter-gatherer,guldemannmr_2020
east2544,hunter-gatherer,guldemannmr_2020
east2545,hunter-gatherer,guldemannmr_2020
east2555,other,dplace
east2563,other,dplace
east2690,other,dplace
ebir1243,other,dplace
edol1239,hunter-gatherer,guldemannmr_2020
edop1238,hunter-gatherer,guldemannmr_2020
efee1239,hunter-gatherer,guldemannmr_2020
efik1245,other,dplace
egba1238,other,dplace
egyp1246,other,dplace
egyp1253,other,dplace
ejag1239,other,dplace
ejam1238,other,dplace
ekar1243,other,dplace
ekit1244,other,dplace
ekon1238,other,dplace
elmo1238,hunter-gatherer,guldemannmr_2020
eloy1241,other,dplace
else1239,hunter-gatherer,guldemannmr_2020
emok1238,hunter-gatherer,guldemannmr_2020
emum1240,hunter-gatherer,guldemannmr_2020
enap1235,other,dplace
enaw1238,hunter-gatherer,guldemannmr_2020
enet1250,hunter-gatherer,cysouwc_2013
enga1252,other,dplace
erav1242,hunter-gatherer,guldemannmr_2020
erit1239,hunter-gatherer,guldemannmr_2020
erre1238,hunter-gatherer,guldemannmr_2020
erzy1239,other,dplace
esee1248,hunter-gatherer,cysouwc_2013
esse1238,hunter-gatherer,guldemannmr_2020
esto1258,other,dplace
etky1238,other,dplace
even1259,hunter-gatherer,guldemannmr_2020
even1260,hunter-gatherer,guldemannmr_2020
ewee1241,other,autotyp
eyak1241,hunter-gatherer,guldemannmr_2020
fair1238,hunter-gatherer,guldemannmr_2020
fang1246,other,dplace
fant1241,other,dplace
fass1245,hunter-gatherer,guldemannmr_2020
fayu1238,hunter-gatherer,guldemannmr_2020
fefe1239,other,dplace
fiji1243,other,autotyp
filo1235,other,autotyp
fipa1238,other,dplace
flin1247,hunter-gatherer,guldemannmr_2020
foau1240,hunter-gatherer,guldemannmr_2020
fonn1241,other,dplace
fore1265,split,autotyp
fore1270,other,dplace
fore1274,hunter-gatherer,autotyp
furr1244,other,dplace
fuyu1242,other,dplace
gaam1241,other,dplace
gadj1243,hunter-gatherer,guldemannmr_2020
gaga1249,other,dplace
gaga1251,hunter-gatherer,guldemannmr_2020
gagu1242,other,dplace
gaik1242,hunter-gatherer,guldemannmr_2020
gali1257,other,dplace
gali1261,hunter-gatherer,guldemannmr_2020
gamb1251,hunter-gatherer,guldemannmr_2020
gami1243,hunter-gatherer,guldemannmr_2020
gana1274,hunter-gatherer,guldemannmr_2020
gand1255,other,dplace
gang1267,hunter-gatherer,guldemannmr_2020
gang1268,hunter-gatherer,guldemannmr_2020
ganz1247,hunter-gatherer,guldemannmr_2020
gara1269,hunter-gatherer,cysouwc_2013
gari1253,hunter-gatherer,guldemannmr_2020
gari1256,other,dplace
garo1247,other,dplace
garr1260,hunter-gatherer,guldemannmr_2020
gbar1246,other,dplace
gbir1241,other,dplace
gede1246,other,dplace
gema1236,hunter-gatherer,guldemannmr_2020
ghat1242,other,dplace
gheg1238,other,dplace
ghil1238,other,dplace
gily1242,hunter-gatherer,guldemannmr_2020
giry1241,other,dplace
gitx1241,hunter-gatherer,guldemannmr_2020
giyu1238,hunter-gatherer,guldemannmr_2020
gizr1240,hunter-gatherer,guldemannmr_2020
gogo1263,other,dplace
gogo1265,hunter-gatherer,guldemannmr_2020
gola1255,other,dplace
goon1238,hunter-gatherer,guldemannmr_2020
goro1261,hunter-gatherer,guldemannmr_2020
gosi1242,hunter-gatherer,dplace
gour1243,other,dplace
gras1249,other,dplace
gres1240,hunter-gatherer,guldemannmr_2020
gros1243,hunter-gatherer,guldemannmr_2020
guah1255,hunter-gatherer,guldemannmr_2020
guaj1256,hunter-gatherer,guldemannmr_2020
guan1268,hunter-gatherer,guldemannmr_2020
guan1277,other,dplace
guat1253,hunter-gatherer,guldemannmr_2020
guay1257,hunter-gatherer,guldemannmr_2020
gude1246,other,dplace
guga1239,hunter-gatherer,guldemannmr_2020
gugu1253,hunter-gatherer,guldemannmr_2020
gugu1254,hunter-gatherer,guldemannmr_2020
gugu1255,hunter-gatherer,guldemannmr_2020
gugu1256,hunter-gatherer,guldemannmr_2020
guja1252,other,dplace
guma1253,hunter-gatherer,guldemannmr_2020
gung1248,hunter-gatherer,guldemannmr_2020
gunn1248,hunter-gatherer,dplace
gunw1252,hunter-gatherer,guldemannmr_2020
guny1241,hunter-gatherer,guldemannmr_2020
gupa1247,hunter-gatherer,guldemannmr_2020
gura1252,hunter-gatherer,guldemannmr_2020
gurd1238,hunter-gatherer,guldemannmr_2020
gure1255,hunter-gatherer,guldemannmr_2020
guri1247,hunter-gatherer,guldemannmr_2020
guri1248,hunter-gatherer,guldemannmr_2020
guro1248,other,dplace
gusi1247,other,dplace
guwa1243,hunter-gatherer,guldemannmr_2020
guya1249,hunter-gatherer,guldemannmr_2020
gwee1242,other,dplace
gwic1235,hunter-gatherer,guldemannmr_2020
gwii1239,hunter-gatherer,guldemannmr_2020
haaa1252,other,dplace
hade1248,other,dplace
hadz1240,hunter-gatherer,guldemannmr_2020
haid1248,hunter-gatherer,cysouwc_2013
haio1238,hunter-gatherer,guldemannmr_2020
hais1244,hunter-gatherer,guldemannmr_2020
hait1244,other,dplace
haka1240,other,autotyp
halh1238,other,dplace
halk1245,hunter-gatherer,guldemannmr_2020
hame1242,other,dplace
hang1263,hunter-gatherer,guldemannmr_2020
hann1241,hunter-gatherer,guldemannmr_2020
hanu1241,other,dplace
haru1245,hunter-gatherer,guldemannmr_2020
hass1238,other,dplace
haus1257,other,dplace
hava1248,other,autotyp
hava1249,other,dplace
hawa1245,other,dplace
haya1250,other,dplace
hehe1240,other,dplace
heil1246,hunter-gatherer,guldemannmr_2020
here1253,other,dplace
hewa1241,hunter-gatherer,guldemannmr_2020
hida1246,other,dplace
high1242,other,dplace
high1243,other,autotyp
high1276,other,dplace
hind1269,other,autotyp
hlai1239,other,dplace
hmon1264,other,autotyp
hoaa1235,hunter-gatherer,guldemannmr_2020
hoch1243,hunter-gatherer,guldemannmr_2020
hogg1238,other,dplace
holi1241,hunter-gatherer,guldemannmr_2020
hooo1248,other,dplace
hopi1249,other,dplace
horn1235,other,dplace
hovo1239,hunter-gatherer,guldemannmr_2020
hozo1236,other,dplace
huaa1248,hunter-gatherer,guldemannmr_2020
huac1244,hunter-gatherer,guldemannmr_2020
hual1241,other,autotyp
huam1247,hunter-gatherer,cysouwc_2013
huas1242,other,dplace
huau1237,hunter-gatherer,guldemannmr_2020
huau1238,other,dplace
huic1243,other,dplace
hund1239,other,dplace
hung1274,other,dplace
hunz1247,other,autotyp
hupa1239,hunter-gatherer,guldemannmr_2020
hupd1244,hunter-gatherer,guldemannmr_2020
hwan1240,other,dplace
iatm1242,hunter-gatherer,guldemannmr_2020
iauu1242,hunter-gatherer,guldemannmr_2020
iban1264,other,dplace
ibib1240,other,dplace
icel1247,other,dplace
idak1243,other,dplace
idii1243,hunter-gatherer,guldemannmr_2020
idom1241,other,dplace
idum1241,other,autotyp
ifee1241,other,dplace
igal1242,other,dplace
igan1243,hunter-gatherer,guldemannmr_2020
igut1238,other,dplace
ikkk1242,other,autotyp
ilaa1245,other,dplace
ilaa1246,other,dplace
imba1240,other,autotyp
imer1248,other,dplace
inap1241,hunter-gatherer,guldemannmr_2020
inar1241,other,autotyp
indo1317,hunter-gatherer,guldemannmr_2020
ineb1235,hunter-gatherer,guldemannmr_2020
ines1240,hunter-gatherer,guldemannmr_2020
ingr1248,other,dplace
ingu1240,hunter-gatherer,guldemannmr_2020
ioul1238,other,dplace
iqui1243,other,autotyp
iran1263,other,autotyp
iris1253,other,dplace
irul1243,hunter-gatherer,guldemannmr_2020
isar1235,hunter-gatherer,guldemannmr_2020
isek1239,hunter-gatherer,dplace
isir1237,hunter-gatherer,guldemannmr_2020
isla1276,hunter-gatherer,dplace
isla1278,hunter-gatherer,dplace
isok1239,other,dplace
isth1238,other,dplace
isth1244,other,autotyp
itel1242,hunter-gatherer,guldemannmr_2020
iter1241,hunter-gatherer,guldemannmr_2020
itik1240,hunter-gatherer,guldemannmr_2020
iton1250,hunter-gatherer,guldemannmr_2020
itut1240,hunter-gatherer,guldemannmr_2020
iwai1244,hunter-gatherer,guldemannmr_2020
iwam1256,hunter-gatherer,guldemannmr_2020
iyoj1235,hunter-gatherer,guldemannmr_2020
iyow1239,hunter-gatherer,guldemannmr_2020
jair1235,hunter-gatherer,guldemannmr_2020
jama1261,other,autotyp
jami1235,other,autotyp
jara1245,hunter-gatherer,guldemannmr_2020
jaru1254,hunter-gatherer,guldemannmr_2020
jaru1257,hunter-gatherer,guldemannmr_2020
java1254,other,dplace
jebe1250,other,autotyp
jebl1238,other,dplace
jeha1242,hunter-gatherer,guldemannmr_2020
jeme1245,other,dplace
jena1242,other,dplace
jenn1240,hunter-gatherer,guldemannmr_2020
jibu1239,other,dplace
jica1244,hunter-gatherer,guldemannmr_2020
jiee1239,other,dplace
jirj1239,hunter-gatherer,cysouwc_2013
jora1240,hunter-gatherer,guldemannmr_2020
juan1238,hunter-gatherer,guldemannmr_2020
juho1239,hunter-gatherer,guldemannmr_2020
juku1254,other,dplace
juxt1235,other,dplace
kaba1278,other,dplace
kabi1261,other,dplace
kabo1248,hunter-gatherer,guldemannmr_2020
kabu1249,hunter-gatherer,guldemannmr_2020
kaby1243,other,dplace
kach1279,other,dplace
kach1280,other,dplace
kada1242,hunter-gatherer,guldemannmr_2020
kada1284,other,dplace
kadi1248,hunter-gatherer,guldemannmr_2020
kafa1242,other,dplace
kago1246,other,dplace
kagu1239,other,dplace
kaia1245,hunter-gatherer,guldemannmr_2020
kaik1244,hunter-gatherer,guldemannmr_2020
kaik1246,hunter-gatherer,guldemannmr_2020
kain1272,hunter-gatherer,guldemannmr_2020
kais1235,hunter-gatherer,guldemannmr_2020
kaiy1239,hunter-gatherer,guldemannmr_2020
kaki1249,hunter-gatherer,guldemannmr_2020
kakw1240,other,dplace
kala1377,hunter-gatherer,guldemannmr_2020
kala1379,hunter-gatherer,guldemannmr_2020
kala1381,other,dplace
kala1399,hunter-gatherer,guldemannmr_2020
kala1400,hunter-gatherer,guldemannmr_2020
kali1308,hunter-gatherer,guldemannmr_2020
kali1309,hunter-gatherer,dplace
kalk1246,hunter-gatherer,guldemannmr_2020
kalm1243,other,dplace
kalo1262,hunter-gatherer,guldemannmr_2020
kalu1248,hunter-gatherer,guldemannmr_2020
kama1372,hunter-gatherer,guldemannmr_2020
kama1373,other,dplace
kamb1297,other,dplace
kamb1299,other,dplace
kamo1255,hunter-gatherer,guldemannmr_2020
kamu1258,hunter-gatherer,guldemannmr_2020
kamu1260,hunter-gatherer,guldemannmr_2020
kamv1242,other,dplace
kana1291,other,autotyp
kane1243,other,dplace
kang1291,hunter-gatherer,guldemannmr_2020
kani1285,hunter-gatherer,guldemannmr_2020
kanj1260,hunter-gatherer,guldemannmr_2020
kano1249,other,dplace
kans1243,hunter-gatherer,guldemannmr_2020
kanu1279,other,autotyp
kaon1241,other,dplace
kapi1249,other,dplace
kapo1250,hunter-gatherer,guldemannmr_2020
kapr1245,hunter-gatherer,guldemannmr_2020
kaqc1270,other,dplace
kara1289,hunter-gatherer,guldemannmr_2020
kara1462,hunter-gatherer,guldemannmr_2020
kara1464,other,dplace
kara1476,hunter-gatherer,guldemannmr_2020
kara1481,other,dplace
kara1495,hunter-gatherer,guldemannmr_2020
kara1500,hunter-gatherer,dplace
karb1241,other,dplace
kare1348,other,dplace
kari1304,hunter-gatherer,guldemannmr_2020
kark1258,hunter-gatherer,guldemannmr_2020
kark1259,hunter-gatherer,guldemannmr_2020
karo1304,hunter-gatherer,guldemannmr_2020
kase1253,other,dplace
kash1277,other,dplace
kash1280,hunter-gatherer,guldemannmr_2020
kask1239,hunter-gatherer,guldemannmr_2020
kasu1251,hunter-gatherer,guldemannmr_2020
kata1265,other,dplace
kato1244,hunter-gatherer,guldemannmr_2020
kaur1267,hunter-gatherer,cysouwc_2013
kaur1271,hunter-gatherer,guldemannmr_2020
kauw1242,hunter-gatherer,guldemannmr_2020
kawa1283,hunter-gatherer,guldemannmr_2020
kaya1319,hunter-gatherer,guldemannmr_2020
kaya1328,hunter-gatherer,guldemannmr_2020
kaya1330,hunter-gatherer,guldemannmr_2020
kayt1238,hunter-gatherer,guldemannmr_2020
kaza1248,other,dplace
kede1239,hunter-gatherer,guldemannmr_2020
kehu1238,hunter-gatherer,guldemannmr_2020
keii1239,other,dplace
kele1255,hunter-gatherer,dplace
kemb1235,hunter-gatherer,guldemannmr_2020
kemb1250,hunter-gatherer,guldemannmr_2020
kens1248,hunter-gatherer,guldemannmr_2020
kenu1236,other,dplace
keny1279,other,dplace
keor1235,hunter-gatherer,guldemannmr_2020
kere1280,hunter-gatherer,guldemannmr_2020
kere1283,other,dplace
kere1285,hunter-gatherer,guldemannmr_2020
kere1286,hunter-gatherer,guldemannmr_2020
kete1254,other,autotyp
kett1243,hunter-gatherer,guldemannmr_2020
khan1273,hunter-gatherer,guldemannmr_2020
khar1283,hunter-gatherer,guldemannmr_2020
khas1269,other,dplace
khin1240,other,autotyp
kibi1239,hunter-gatherer,guldemannmr_2020
kich1262,other,dplace
kick1244,hunter-gatherer,guldemannmr_2020
kiku1240,other,dplace
kild1236,other,autotyp
kili1267,other,dplace
kili1268,hunter-gatherer,guldemannmr_2020
kima1246,other,dplace
kimk1238,hunter-gatherer,guldemannmr_2020
kimm1245,other,dplace
kint1239,hunter-gatherer,guldemannmr_2020
kiny1244,other,dplace
kiow1264,hunter-gatherer,guldemannmr_2020
kiow1266,hunter-gatherer,guldemannmr_2020
kips1239,other,dplace
kire1240,hunter-gatherer,guldemannmr_2020
kiri1256,hunter-gatherer,guldemannmr_2020
kita1249,other,dplace
kitj1240,hunter-gatherer,guldemannmr_2020
klam1254,hunter-gatherer,guldemannmr_2020
klao1243,other,dplace
koal1240,other,dplace
koas1236,other,autotyp
koda1255,other,dplace
kodi1247,other,dplace
kofe1239,hunter-gatherer,guldemannmr_2020
koit1244,other,dplace
koiw1243,hunter-gatherer,guldemannmr_2020
koka1244,hunter-gatherer,guldemannmr_2020
koko1265,hunter-gatherer,guldemannmr_2020
komb1274,hunter-gatherer,guldemannmr_2020
komc1235,other,dplace
komi1271,hunter-gatherer,guldemannmr_2020
komo1258,other,dplace
komo1260,other,dplace
kond1295,other,autotyp
kond1303,hunter-gatherer,guldemannmr_2020
konk1269,other,dplace
kons1243,other,dplace
konz1239,other,dplace
koon1244,other,dplace
kooo1244,other,dplace
koor1239,other,dplace
kopa1248,hunter-gatherer,guldemannmr_2020
kore1280,other,dplace
koro1310,other,dplace
kory1246,hunter-gatherer,guldemannmr_2020
kosa1251,hunter-gatherer,guldemannmr_2020
kosr1238,other,dplace
kott1239,hunter-gatherer,cysouwc_2013
koya1251,other,dplace
koyr1240,other,autotyp
koyr1242,other,dplace
koyu1237,hunter-gatherer,guldemannmr_2020
kren1239,hunter-gatherer,guldemannmr_2020
kris1246,hunter-gatherer,guldemannmr_2020
kron1241,other,dplace
kuaa1238,hunter-gatherer,guldemannmr_2020
kubu1239,hunter-gatherer,dplace
kuco1235,hunter-gatherer,guldemannmr_2020
kuii1252,other,dplace
kuik1246,other,dplace
kuja1239,hunter-gatherer,guldemannmr_2020
kuka1246,hunter-gatherer,guldemannmr_2020
kuku1273,hunter-gatherer,guldemannmr_2020
kuku1279,hunter-gatherer,guldemannmr_2020
kuku1280,hunter-gatherer,guldemannmr_2020
kuku1281,hunter-gatherer,guldemannmr_2020
kuku1283,hunter-gatherer,guldemannmr_2020
kuku1285,other,dplace
kumb1268,hunter-gatherer,guldemannmr_2020
kumi1248,hunter-gatherer,guldemannmr_2020
kumy1244,other,dplace
kuna1268,other,dplace
kunb1251,hunter-gatherer,guldemannmr_2020
kund1255,other,dplace
kung1258,hunter-gatherer,guldemannmr_2020
kung1259,hunter-gatherer,guldemannmr_2020
kung1261,hunter-gatherer,guldemannmr_2020
kung1262,hunter-gatherer,guldemannmr_2020
kuni1265,hunter-gatherer,guldemannmr_2020
kunj1245,hunter-gatherer,guldemannmr_2020
kura1249,other,dplace
kura1250,other,dplace
kurr1243,hunter-gatherer,guldemannmr_2020
kuru1302,other,dplace
kusa1250,other,dplace
kusk1241,hunter-gatherer,dplace
kusu1250,hunter-gatherer,guldemannmr_2020
kusu1252,other,dplace
kute1249,hunter-gatherer,guldemannmr_2020
kuth1240,hunter-gatherer,guldemannmr_2020
kuuk1238,hunter-gatherer,guldemannmr_2020
kwai1243,other,dplace
kwak1269,hunter-gatherer,guldemannmr_2020
kwam1254,hunter-gatherer,guldemannmr_2020
kwan1278,hunter-gatherer,guldemannmr_2020
kwas1243,other,dplace
kweg1241,hunter-gatherer,guldemannmr_2020
kwer1261,other,dplace
kwer1263,hunter-gatherer,guldemannmr_2020
kwer1264,hunter-gatherer,guldemannmr_2020
kwes1245,hunter-gatherer,guldemannmr_2020
kwin1241,hunter-gatherer,guldemannmr_2020
kwom1262,hunter-gatherer,guldemannmr_2020
kxoe1243,hunter-gatherer,guldemannmr_2020
kyen1243,hunter-gatherer,guldemannmr_2020
kyon1247,other,autotyp
labo1236,other,dplace
labr1244,hunter-gatherer,dplace
labw1238,other,dplace
laca1243,other,dplace
lacs1238,hunter-gatherer,dplace
lagw1237,other,dplace
lahu1253,other,autotyp
laka1254,other,dplace
lake1258,hunter-gatherer,guldemannmr_2020
lakk1252,other,autotyp
lako1247,hunter-gatherer,guldemannmr_2020
lako1248,hunter-gatherer,autotyp
lala1264,other,dplace
lama1277,other,dplace
lamb1271,other,dplace
lame1256,other,dplace
lame1260,other,dplace
lamn1239,other,dplace
lamo1243,other,dplace
lamu1254,hunter-gatherer,guldemannmr_2020
lang1320,other,dplace
lang1324,other,dplace
lang1328,hunter-gatherer,guldemannmr_2020
lano1248,hunter-gatherer,guldemannmr_2020
lara1258,hunter-gatherer,guldemannmr_2020
lard1243,hunter-gatherer,guldemannmr_2020
lati1261,other,dplace
latv1249,other,dplace
laua1243,other,dplace
lauj1238,hunter-gatherer,guldemannmr_2020
leal1235,other,autotyp
leco1242,hunter-gatherer,guldemannmr_2020
lega1249,other,dplace
lele1265,other,dplace
lele1270,other,dplace
lenc1242,other,dplace
lend1245,other,dplace
leng1257,other,dplace
leng1262,hunter-gatherer,cysouwc_2013
leni1238,hunter-gatherer,guldemannmr_2020
lepc1244,other,dplace
lepk1238,hunter-gatherer,guldemannmr_2020
lese1243,other,dplace
lezg1247,other,autotyp
libe1247,other,dplace
liby1240,other,dplace
ligo1238,other,dplace
lill1248,hunter-gatherer,guldemannmr_2020
limb1268,other,dplace
lipa1241,hunter-gatherer,guldemannmr_2020
lith1251,other,dplace
livv1244,hunter-gatherer,dplace
lobe1242,other,dplace
lobi1245,other,dplace
logo1259,other,dplace
loka1252,other,dplace
lomb1254,other,dplace
lonc1237,hunter-gatherer,guldemannmr_2020
long1389,other,dplace
long1393,other,dplace
long1395,other,dplace
loth1237,other,dplace
lowe1425,hunter-gatherer,guldemannmr_2020
lowe1427,hunter-gatherer,guldemannmr_2020
lozi1239,other,dplace
luba1249,other,dplace
luba1250,other,dplace
lubu1243,other,dplace
luch1239,other,dplace
lugb1240,other,dplace
lugu1238,other,dplace
luim1238,hunter-gatherer,dplace
luis1253,hunter-gatherer,guldemannmr_2020
lule1238,hunter-gatherer,guldemannmr_2020
lule1254,other,autotyp
lumm1243,hunter-gatherer,dplace
lund1266,other,dplace
luok1236,other,dplace
luse1252,hunter-gatherer,dplace
lush1249,other,dplace
lush1252,hunter-gatherer,guldemannmr_2020
luun1238,other,dplace
luva1239,other,dplace
maba1273,other,dplace
maca1259,hunter-gatherer,guldemannmr_2020
maca1260,hunter-gatherer,guldemannmr_2020
macu1259,other,dplace
madi1260,other,dplace
madn1237,hunter-gatherer,guldemannmr_2020
mafa1239,other,dplace
maga1263,hunter-gatherer,guldemannmr_2020
magd1235,other,autotyp
magi1241,hunter-gatherer,guldemannmr_2020
maha1287,other,dplace
mahi1248,other,autotyp
mail1248,other,dplace
mait1250,other,dplace
maka1311,other,dplace
maka1315,hunter-gatherer,guldemannmr_2020
maka1318,hunter-gatherer,guldemannmr_2020
makh1264,other,dplace
makl1246,hunter-gatherer,guldemannmr_2020
mako1251,other,dplace
maku1246,hunter-gatherer,guldemannmr_2020
mala1457,hunter-gatherer,guldemannmr_2020
mala1458,hunter-gatherer,guldemannmr_2020
mala1459,hunter-gatherer,guldemannmr_2020
mala1463,hunter-gatherer,guldemannmr_2020
mala1464,other,dplace
mala1468,hunter-gatherer,guldemannmr_2020
mala1479,other,dplace
mala1537,hunter-gatherer,autotyp
male1292,hunter-gatherer,guldemannmr_2020
malg1242,hunter-gatherer,guldemannmr_2020
mali1287,hunter-gatherer,guldemannmr_2020
mali1288,hunter-gatherer,guldemannmr_2020
mama1271,other,dplace
mama1275,hunter-gatherer,guldemannmr_2020
mamb1296,other,dplace
mamm1241,other,dplace
mamp1244,other,dplace
mamv1243,other,dplace
mana1248,hunter-gatherer,guldemannmr_2020
mana1295,other,dplace
mana1298,hunter-gatherer,guldemannmr_2020
manc1252,other,dplace
mand1415,other,dplace
mand1416,hunter-gatherer,guldemannmr_2020
mand1417,hunter-gatherer,guldemannmr_2020
mand1425,other,dplace
mand1443,hunter-gatherer,guldemannmr_2020
mand1446,other,dplace
mang1381,hunter-gatherer,guldemannmr_2020
mang1382,hunter-gatherer,guldemannmr_2020
mang1383,hunter-gatherer,guldemannmr_2020
mang1401,hunter-gatherer,dplace
mans1258,hunter-gatherer,guldemannmr_2020
mans1267,other,dplace
manu1258,hunter-gatherer,guldemannmr_2020
many1256,hunter-gatherer,cysouwc_2013
manz1243,other,dplace
maon1238,other,autotyp
maor1246,other,dplace
mapu1245,other,dplace
mara1382,other,dplace
mara1385,hunter-gatherer,guldemannmr_2020
mara1386,hunter-gatherer,guldemannmr_2020
mare1261,hunter-gatherer,guldemannmr_2020
marg1251,hunter-gatherer,guldemannmr_2020
marg1253,hunter-gatherer,guldemannmr_2020
marg1265,other,dplace
mari1414,other,dplace
mari1417,hunter-gatherer,guldemannmr_2020
mari1419,hunter-gatherer,guldemannmr_2020
mari1421,hunter-gatherer,guldemannmr_2020
mari1422,hunter-gatherer,guldemannmr_2020
mari1423,hunter-gatherer,guldemannmr_2020
mari1424,hunter-gatherer,guldemannmr_2020
mari1432,hunter-gatherer,guldemannmr_2020
mari1440,hunter-gatherer,cysouwc_2013
mart1254,hunter-gatherer,guldemannmr_2020
mart1255,hunter-gatherer,guldemannmr_2020
mart1256,hunter-gatherer,guldemannmr_2020
masa1299,other,dplace
masa1300,other,dplace
masa1322,other,dplace
mash1270,hunter-gatherer,guldemannmr_2020
mass1263,hunter-gatherer,guldemannmr_2020
matt1238,hunter-gatherer,guldemannmr_2020
maun1240,hunter-gatherer,guldemannmr_2020
maxa1247,other,autotyp
maya1280,hunter-gatherer,guldemannmr_2020
maya1285,other,autotyp
mayk1239,hunter-gatherer,guldemannmr_2020
mbab1239,hunter-gatherer,guldemannmr_2020
mbal1257,other,dplace
mban1263,other,dplace
mbar1253,hunter-gatherer,guldemannmr_2020
mbar1254,hunter-gatherer,guldemannmr_2020
mbar1260,hunter-gatherer,autotyp
mbes1238,other,dplace
mbul1258,other,dplace
mbum1254,other,dplace
mbya1239,hunter-gatherer,guldemannmr_2020
meen1242,other,dplace
mehe1243,hunter-gatherer,guldemannmr_2020
meke1243,other,dplace
mekm1240,hunter-gatherer,guldemannmr_2020
mend1266,other,dplace
mend1268,hunter-gatherer,guldemannmr_2020
meno1252,hunter-gatherer,guldemannmr_2020
ment1249,other,dplace
meri1243,other,dplace
meri1244,hunter-gatherer,guldemannmr_2020
mesc1238,hunter-gatherer,guldemannmr_2020
mesk1242,hunter-gatherer,guldemannmr_2020
meta1238,other,dplace
mezq1235,other,dplace
miam1252,hunter-gatherer,guldemannmr_2020
mian1256,hunter-gatherer,guldemannmr_2020
mich1243,other,autotyp
midd1325,other,dplace
midd1357,hunter-gatherer,guldemannmr_2020
midg1235,other,dplace
mido1240,other,dplace
mikm1235,hunter-gatherer,guldemannmr_2020
mina1268,other,dplace
mini1256,other,autotyp
minn1241,other,dplace
minr1238,hunter-gatherer,guldemannmr_2020
mint1239,hunter-gatherer,guldemannmr_2020
miri1266,hunter-gatherer,guldemannmr_2020
misk1235,hunter-gatherer,cysouwc_2013
mitl1236,other,autotyp
miwa1242,hunter-gatherer,guldemannmr_2020
mixt1426,other,autotyp
miya1259,other,dplace
mlab1235,hunter-gatherer,guldemannmr_2020
mmen1238,other,dplace
moba1244,other,dplace
moch1256,other,dplace
moco1246,hunter-gatherer,guldemannmr_2020
mode1248,other,dplace
mogh1245,other,dplace
moha1256,hunter-gatherer,cysouwc_2013
moke1242,hunter-gatherer,guldemannmr_2020
mokp1239,other,dplace
mola1238,hunter-gatherer,guldemannmr_2020
mold1248,other,dplace
moli1248,other,dplace
molm1235,hunter-gatherer,guldemannmr_2020
molo1262,hunter-gatherer,guldemannmr_2020
momj1237,other,dplace
mong1344,hunter-gatherer,guldemannmr_2020
mono1275,hunter-gatherer,guldemannmr_2020
mont1268,hunter-gatherer,guldemannmr_2020
moos1236,hunter-gatherer,guldemannmr_2020
morb1239,hunter-gatherer,guldemannmr_2020
mori1271,hunter-gatherer,guldemannmr_2020
morm1235,other,autotyp
moro1285,other,dplace
moro1289,hunter-gatherer,guldemannmr_2020
mort1237,other,dplace
moru1253,other,dplace
mose1249,other,autotyp
mosi1247,hunter-gatherer,guldemannmr_2020
moss1236,other,dplace
mota1237,other,dplace
motu1246,other,dplace
moun1252,other,autotyp
movi1243,hunter-gatherer,guldemannmr_2020
mpuo1241,other,dplace
mtir1235,hunter-gatherer,guldemannmr_2020
mtir1236,hunter-gatherer,guldemannmr_2020
mudb1240,hunter-gatherer,cysouwc_2013
mudu1242,hunter-gatherer,dplace
muin1242,other,autotyp
mukh1238,other,dplace
mull1237,hunter-gatherer,guldemannmr_2020
mulu1243,hunter-gatherer,guldemannmr_2020
mund1320,other,dplace
mund1325,other,dplace
mund1330,hunter-gatherer,guldemannmr_2020
mung1266,other,dplace
muns1251,other,autotyp
muon1246,other,dplace
mura1272,other,dplace
muri1260,hunter-gatherer,guldemannmr_2020
murk1238,hunter-gatherer,guldemannmr_2020
murr1258,hunter-gatherer,guldemannmr_2020
muru1266,hunter-gatherer,guldemannmr_2020
muru1274,other,dplace
musg1254,other,dplace
musq1240,hunter-gatherer,autotyp
muth1236,hunter-gatherer,guldemannmr_2020
muts1243,hunter-gatherer,guldemannmr_2020
mwer1247,other,dplace
myen1241,other,dplace
nade1244,hunter-gatherer,guldemannmr_2020
nafr1241,hunter-gatherer,guldemannmr_2020
naii1241,hunter-gatherer,guldemannmr_2020
naka1260,hunter-gatherer,guldemannmr_2020
naka1262,other,dplace
naka1265,hunter-gatherer,guldemannmr_2020
nakw1240,hunter-gatherer,guldemannmr_2020
nama1265,other,dplace
namb1293,other,dplace
nami1256,hunter-gatherer,guldemannmr_2020
nana1257,hunter-gatherer,guldemannmr_2020
nang1259,hunter-gatherer,guldemannmr_2020
nank1249,other,dplace
nant1249,other,autotyp
nanu1240,hunter-gatherer,guldemannmr_2020
nara1262,other,dplace
naro1249,hunter-gatherer,guldemannmr_2020
narr1259,hunter-gatherer,guldemannmr_2020
naru1238,hunter-gatherer,guldemannmr_2020
nask1242,hunter-gatherer,guldemannmr_2020
natc1249,other,dplace
natu1246,other,dplace
nauk1242,hunter-gatherer,guldemannmr_2020
naur1243,other,dplace
nava1243,other,dplace
nawa1259,hunter-gatherer,guldemannmr_2020
ndas1238,other,dplace
ndau1241,other,dplace
ndei1235,hunter-gatherer,cysouwc_2013
ndon1254,other,dplace
ndoo1241,other,dplace
ndyu1242,other,dplace
neap1235,other,dplace
nege1240,other,dplace
negi1245,hunter-gatherer,guldemannmr_2020
nene1249,other,dplace
nets1241,hunter-gatherer,dplace
nezp1238,hunter-gatherer,guldemannmr_2020
ngaa1240,hunter-gatherer,guldemannmr_2020
ngab1239,other,dplace
ngad1258,hunter-gatherer,guldemannmr_2020
ngal1292,hunter-gatherer,guldemannmr_2020
ngal1293,hunter-gatherer,guldemannmr_2020
ngal1298,other,dplace
ngal1300,hunter-gatherer,guldemannmr_2020
ngam1265,hunter-gatherer,guldemannmr_2020
ngan1291,hunter-gatherer,guldemannmr_2020
ngan1295,hunter-gatherer,guldemannmr_2020
ngan1296,hunter-gatherer,guldemannmr_2020
ngan1302,other,dplace
ngar1235,hunter-gatherer,guldemannmr_2020
ngar1283,hunter-gatherer,guldemannmr_2020
ngar1284,hunter-gatherer,guldemannmr_2020
ngar1286,hunter-gatherer,guldemannmr_2020
ngar1287,hunter-gatherer,guldemannmr_2020
ngas1240,other,dplace
ngaw1240,hunter-gatherer,guldemannmr_2020
ngba1284,other,dplace
ngil1242,other,dplace
ngiz1242,other,dplace
ngom1265,hunter-gatherer,guldemannmr_2020
ngon1268,other,dplace
ngon1269,other,dplace
ngul1246,other,dplace
ngur1260,hunter-gatherer,guldemannmr_2020
ngur1261,hunter-gatherer,guldemannmr_2020
nhan1238,hunter-gatherer,cysouwc_2013
nhuw1239,hunter-gatherer,guldemannmr_2020
nija1242,hunter-gatherer,guldemannmr_2020
niks1238,hunter-gatherer,guldemannmr_2020
nima1245,hunter-gatherer,guldemannmr_2020
nimo1247,hunter-gatherer,guldemannmr_2020
nina1238,hunter-gatherer,guldemannmr_2020
nisa1239,hunter-gatherer,guldemannmr_2020
nise1244,hunter-gatherer,guldemannmr_2020
nisg1240,hunter-gatherer,guldemannmr_2020
niva1238,hunter-gatherer,guldemannmr_2020
njye1238,other,dplace
nkhu1238,other,dplace
nkun1238,other,dplace
nngg1234,hunter-gatherer,guldemannmr_2020
noml1242,hunter-gatherer,dplace
nonu1241,hunter-gatherer,guldemannmr_2020
nook1247,hunter-gatherer,guldemannmr_2020
noot1239,hunter-gatherer,guldemannmr_2020
nort1551,hunter-gatherer,dplace
nort1552,hunter-gatherer,guldemannmr_2020
nort2671,other,dplace
nort2676,other,dplace
nort2690,other,dplace
nort2745,hunter-gatherer,guldemannmr_2020
nort2765,other,dplace
nort2774,other,dplace
nort2775,other,dplace
nort2795,other,dplace
nort2819,other,dplace
nort2839,other,dplace
nort2843,other,dplace
nort2845,other,dplace
nort2875,hunter-gatherer,guldemannmr_2020
nort2877,other,dplace
nort2907,hunter-gatherer,guldemannmr_2020
nort2917,hunter-gatherer,guldemannmr_2020
nort2930,hunter-gatherer,guldemannmr_2020
nort2937,hunter-gatherer,dplace
nort2938,hunter-gatherer,guldemannmr_2020
nort2941,hunter-gatherer,guldemannmr_2020
nort2942,hunter-gatherer,guldemannmr_2020
nort2943,hunter-gatherer,guldemannmr_2020
nort2944,hunter-gatherer,dplace
nort2945,hunter-gatherer,guldemannmr_2020
nort2951,hunter-gatherer,guldemannmr_2020
nort2952,hunter-gatherer,guldemannmr_2020
nort2954,hunter-gatherer,guldemannmr_2020
nort2955,hunter-gatherer,dplace
nort2959,other,dplace
nort2961,hunter-gatherer,guldemannmr_2020
nort2966,hunter-gatherer,guldemannmr_2020
nort2967,hunter-gatherer,guldemannmr_2020
nort2968,hunter-gatherer,guldemannmr_2020
nort2969,hunter-gatherer,guldemannmr_2020
nort2972,other,dplace
nort3051,other,dplace
nort3133,other,dplace
nort3139,other,dplace
nort3142,other,dplace
nort3251,hunter-gatherer,guldemannmr_2020
ntch1242,other,dplace
nucl1235,other,dplace
nucl1237,hunter-gatherer,dplace
nucl1240,other,dplace
nucl1301,other,dplace
nucl1302,other,autotyp
nucl1310,other,dplace
nucl1327,hunter-gatherer,guldemannmr_2020
nucl1347,other,dplace
nucl1395,other,dplace
nucl1396,other,dplace
nucl1417,other,dplace
nucl1420,other,dplace
nucl1430,other,dplace
nucl1453,hunter-gatherer,guldemannmr_2020
nucl1479,other,dplace
nucl1593,hunter-gatherer,guldemannmr_2020
nucl1595,hunter-gatherer,guldemannmr_2020
nucl1622,hunter-gatherer,guldemannmr_2020
nucl1630,other,autotyp
nucl1632,hunter-gatherer,guldemannmr_2020
nucl1633,hunter-gatherer,guldemannmr_2020
nucl1634,other,autotyp
nucl1643,other,dplace
nucl1649,hunter-gatherer,guldemannmr_2020
nucl1651,hunter-gatherer,dplace
nucl1668,hunter-gatherer,guldemannmr_2020
nucl1695,other,dplace
nuer1246,other,dplace
nugu1241,hunter-gatherer,guldemannmr_2020
nuii1237,hunter-gatherer,dplace
nuka1242,hunter-gatherer,guldemannmr_2020
nung1290,hunter-gatherer,guldemannmr_2020
nung1291,hunter-gatherer,guldemannmr_2020
nupe1254,other,dplace
nupo1240,hunter-gatherer,guldemannmr_2020
nuuc1236,hunter-gatherer,cysouwc_2013
nyak1261,other,dplace
nyam1271,hunter-gatherer,guldemannmr_2020
nyam1275,other,dplace
nyam1276,other,dplace
nyan1300,hunter-gatherer,guldemannmr_2020
nyan1301,hunter-gatherer,guldemannmr_2020
nyan1307,other,dplace
nyan1313,other,autotyp
nyaw1247,hunter-gatherer,guldemannmr_2020
nyig1240,hunter-gatherer,guldemannmr_2020
nyor1246,other,dplace
nyul1247,hunter-gatherer,guldemannmr_2020
nyun1247,hunter-gatherer,guldemannmr_2020
obis1242,hunter-gatherer,guldemannmr_2020
obok1239,hunter-gatherer,guldemannmr_2020
ocai1244,other,autotyp
ocot1243,other,autotyp
odia1239,hunter-gatherer,guldemannmr_2020
ofay1240,hunter-gatherer,guldemannmr_2020
ojit1237,other,dplace
okan1243,hunter-gatherer,guldemannmr_2020
okie1245,hunter-gatherer,guldemannmr_2020
okoj1239,hunter-gatherer,guldemannmr_2020
oldk1249,other,dplace
omah1247,hunter-gatherer,guldemannmr_2020
omie1241,hunter-gatherer,guldemannmr_2020
omot1239,hunter-gatherer,guldemannmr_2020
onaa1245,hunter-gatherer,guldemannmr_2020
onei1249,other,autotyp
onge1236,hunter-gatherer,guldemannmr_2020
onob1238,hunter-gatherer,guldemannmr_2020
opao1240,hunter-gatherer,guldemannmr_2020
opat1246,other,dplace
oran1236,other,dplace
oriy1255,other,dplace
oroc1248,hunter-gatherer,guldemannmr_2020
orok1265,hunter-gatherer,guldemannmr_2020
orok1266,other,dplace
orok1267,hunter-gatherer,guldemannmr_2020
orok1269,other,dplace
orya1242,hunter-gatherer,guldemannmr_2020
osag1243,hunter-gatherer,guldemannmr_2020
osse1243,other,dplace
otii1244,hunter-gatherer,guldemannmr_2020
otoo1241,hunter-gatherer,dplace
otor1240,other,dplace
otta1242,hunter-gatherer,guldemannmr_2020
otuh1238,other,dplace
otuk1240,hunter-gatherer,guldemannmr_2020
oung1238,hunter-gatherer,guldemannmr_2020
owin1240,hunter-gatherer,guldemannmr_2020
paas1238,hunter-gatherer,guldemannmr_2020
paci1278,hunter-gatherer,guldemannmr_2020
paez1247,other,dplace
pahi1246,hunter-gatherer,guldemannmr_2020
paip1241,hunter-gatherer,guldemannmr_2020
paiw1248,other,dplace
paka1251,hunter-gatherer,guldemannmr_2020
pala1344,other,dplace
pala1351,other,autotyp
pali1274,hunter-gatherer,guldemannmr_2020
pali1279,other,dplace
pamo1252,other,dplace
pamp1244,hunter-gatherer,guldemannmr_2020
pana1305,hunter-gatherer,guldemannmr_2020
pany1241,hunter-gatherer,guldemannmr_2020
papa1238,other,dplace
papa1269,hunter-gatherer,guldemannmr_2020
pape1239,other,dplace
papi1255,hunter-gatherer,guldemannmr_2020
para1310,hunter-gatherer,guldemannmr_2020
para1311,other,autotyp
para1316,hunter-gatherer,dplace
para1320,hunter-gatherer,guldemannmr_2020
pare1271,hunter-gatherer,guldemannmr_2020
pare1272,other,dplace
pari1256,other,dplace
park1239,other,dplace
pasi1259,hunter-gatherer,guldemannmr_2020
patw1250,hunter-gatherer,guldemannmr_2020
paum1247,hunter-gatherer,guldemannmr_2020
pawa1255,hunter-gatherer,guldemannmr_2020
pawn1254,other,dplace
peii1238,hunter-gatherer,guldemannmr_2020
pemb1239,other,dplace
peno1243,hunter-gatherer,dplace
peno1244,other,autotyp
penr1237,hunter-gatherer,dplace
pent1242,hunter-gatherer,guldemannmr_2020
peri1253,other,dplace
phen1239,other,dplace
piam1243,hunter-gatherer,guldemannmr_2020
piap1246,other,dplace
piar1243,hunter-gatherer,dplace
picu1248,other,dplace
pieg1239,hunter-gatherer,dplace
pila1245,hunter-gatherer,guldemannmr_2020
pimb1238,other,dplace
pina1252,hunter-gatherer,guldemannmr_2020
pini1244,hunter-gatherer,guldemannmr_2020
pini1248,hunter-gatherer,guldemannmr_2020
pino1237,other,autotyp
pint1250,hunter-gatherer,guldemannmr_2020
pint1251,hunter-gatherer,guldemannmr_2020
pira1253,hunter-gatherer,guldemannmr_2020
pirl1238,hunter-gatherer,guldemannmr_2020
pite1240,other,autotyp
pitj1243,hunter-gatherer,guldemannmr_2020
pitt1247,hunter-gatherer,guldemannmr_2020
plai1258,hunter-gatherer,guldemannmr_2020
plai1259,hunter-gatherer,guldemannmr_2020
play1240,hunter-gatherer,guldemannmr_2020
pohn1238,other,dplace
poju1239,other,dplace
poke1238,other,dplace
poko1261,other,dplace
pola1254,hunter-gatherer,dplace
ponc1241,hunter-gatherer,dplace
popo1291,other,dplace
popt1235,other,dplace
poqo1253,other,dplace
port1278,hunter-gatherer,dplace
pota1247,hunter-gatherer,guldemannmr_2020
pouy1238,hunter-gatherer,guldemannmr_2020
powh1243,other,autotyp
psik1239,other,dplace
puar1240,hunter-gatherer,guldemannmr_2020
pudt1235,hunter-gatherer,guldemannmr_2020
puel1244,hunter-gatherer,guldemannmr_2020
puka1242,other,dplace
pula1263,other,dplace
pume1238,hunter-gatherer,guldemannmr_2020
puna1266,hunter-gatherer,guldemannmr_2020
puna1267,hunter-gatherer,guldemannmr_2020
puna1268,hunter-gatherer,guldemannmr_2020
puna1274,hunter-gatherer,guldemannmr_2020
puna1275,hunter-gatherer,guldemannmr_2020
puna1278,hunter-gatherer,guldemannmr_2020
pura1253,hunter-gatherer,guldemannmr_2020
pura1257,hunter-gatherer,guldemannmr_2020
pure1242,other,dplace
puri1259,hunter-gatherer,guldemannmr_2020
puri1262,hunter-gatherer,guldemannmr_2020
puru1264,hunter-gatherer,guldemannmr_2020
puru1266,other,dplace
puyu1239,other,dplace
pwow1235,other,dplace
pyuu1245,hunter-gatherer,guldemannmr_2020
qash1240,other,dplace
qawa1238,hunter-gatherer,guldemannmr_2020
qima1242,other,dplace
queb1248,hunter-gatherer,dplace
quec1382,hunter-gatherer,cysouwc_2013
quil1240,hunter-gatherer,guldemannmr_2020
quin1251,hunter-gatherer,guldemannmr_2020
quio1240,other,autotyp
rade1240,other,dplace
rain1239,hunter-gatherer,dplace
raji1240,hunter-gatherer,guldemannmr_2020
rakh1245,other,dplace
rali1241,other,dplace
raoo1244,hunter-gatherer,guldemannmr_2020
rapa1244,other,dplace
raro1241,other,dplace
rasa1243,hunter-gatherer,guldemannmr_2020
rata1243,hunter-gatherer,dplace
raut1239,hunter-gatherer,guldemannmr_2020
rawa1264,hunter-gatherer,guldemannmr_2020
rawo1244,hunter-gatherer,guldemannmr_2020
redl1238,hunter-gatherer,dplace
remb1249,hunter-gatherer,guldemannmr_2020
remo1247,hunter-gatherer,guldemannmr_2020
renn1242,other,dplace
resh1242,other,dplace
rikb1245,hunter-gatherer,guldemannmr_2020
rita1239,hunter-gatherer,guldemannmr_2020
rogu1236,other,autotyp
romk1240,hunter-gatherer,guldemannmr_2020
rotu1241,other,dplace
rund1242,other,dplace
rung1258,other,autotyp
russ1263,other,dplace
russ1264,other,dplace
saaa1240,other,dplace
saaa1241,other,dplace
saba1268,hunter-gatherer,guldemannmr_2020
sabu1253,hunter-gatherer,guldemannmr_2020
safw1238,other,dplace
sahi1245,other,dplace
said1239,other,dplace
saja1241,hunter-gatherer,guldemannmr_2020
saka1287,other,dplace
saka1291,other,dplace
sala1273,hunter-gatherer,guldemannmr_2020
sali1253,hunter-gatherer,guldemannmr_2020
sama1240,hunter-gatherer,guldemannmr_2020
sama1300,other,dplace
samb1305,other,dplace
samb1311,other,dplace
samb1315,other,dplace
samo1305,other,dplace
sana1281,hunter-gatherer,guldemannmr_2020
sana1295,other,dplace
sana1298,hunter-gatherer,autotyp
sand1273,hunter-gatherer,guldemannmr_2020
sanf1258,other,autotyp
sang1330,other,dplace
sang1331,other,dplace
sani1270,hunter-gatherer,guldemannmr_2020
sani1273,other,dplace
sanj1281,other,autotyp
sanj1284,other,autotyp
sanm1287,hunter-gatherer,dplace
sanm1295,other,autotyp
sanp1257,hunter-gatherer,dplace
sans1269,other,dplace
sans1272,other,dplace
sant1410,other,dplace
sant1421,other,dplace
sant1425,other,dplace
sant1426,other,dplace
sant1451,other,autotyp
sanu1240,hunter-gatherer,guldemannmr_2020
sape1238,hunter-gatherer,guldemannmr_2020
sapo1251,other,dplace
sapo1254,hunter-gatherer,guldemannmr_2020
sara1340,other,dplace
sarr1246,other,dplace
sars1236,hunter-gatherer,guldemannmr_2020
sate1243,other,dplace
saur1251,hunter-gatherer,guldemannmr_2020
saus1247,hunter-gatherer,guldemannmr_2020
sawi1257,hunter-gatherer,guldemannmr_2020
seba1251,other,dplace
sech1246,hunter-gatherer,guldemannmr_2020
seka1250,hunter-gatherer,guldemannmr_2020
sela1259,other,dplace
selk1253,hunter-gatherer,guldemannmr_2020
sema1265,hunter-gatherer,guldemannmr_2020
sema1266,other,dplace
semn1250,hunter-gatherer,guldemannmr_2020
sene1264,other,dplace
seng1284,hunter-gatherer,guldemannmr_2020
sent1241,hunter-gatherer,guldemannmr_2020
sepe1240,hunter-gatherer,guldemannmr_2020
sepi1255,hunter-gatherer,guldemannmr_2020
serb1264,other,dplace
sere1260,other,dplace
seri1257,hunter-gatherer,guldemannmr_2020
serr1255,hunter-gatherer,guldemannmr_2020
seve1240,hunter-gatherer,guldemannmr_2020
shab1252,hunter-gatherer,guldemannmr_2020
sham1280,other,dplace
shas1239,hunter-gatherer,guldemannmr_2020
shaw1249,hunter-gatherer,guldemannmr_2020
shek1245,other,dplace
sher1258,other,dplace
shii1238,other,dplace
shil1265,other,dplace
shin1264,other,dplace
ship1254,hunter-gatherer,dplace
shol1240,hunter-gatherer,guldemannmr_2020
shom1245,hunter-gatherer,guldemannmr_2020
shon1251,other,dplace
shos1248,hunter-gatherer,guldemannmr_2020
shua1254,hunter-gatherer,guldemannmr_2020
shua1257,other,dplace
shus1248,hunter-gatherer,guldemannmr_2020
shwe1236,other,dplace
sian1255,hunter-gatherer,guldemannmr_2020
sian1257,other,dplace
siaw1243,hunter-gatherer,guldemannmr_2020
sich1238,other,dplace
sida1246,other,dplace
siee1239,other,dplace
sier1250,other,autotyp
sika1263,hunter-gatherer,guldemannmr_2020
siks1238,hunter-gatherer,guldemannmr_2020
sila1250,other,autotyp
simb1256,other,dplace
sind1272,other,dplace
sinh1246,other,dplace
sioo1240,other,dplace
sire1246,hunter-gatherer,guldemannmr_2020
siri1273,hunter-gatherer,guldemannmr_2020
sius1254,hunter-gatherer,guldemannmr_2020
siwa1245,other,dplace
siwi1239,other,dplace
siwu1238,other,dplace
skag1239,hunter-gatherer,guldemannmr_2020
skol1241,other,autotyp
slav1253,hunter-gatherer,cysouwc_2013
slia1241,hunter-gatherer,dplace
snoh1241,hunter-gatherer,guldemannmr_2020
soch1239,other,autotyp
soga1242,other,dplace
soma1255,other,autotyp
sond1250,other,dplace
song1299,other,dplace
song1300,hunter-gatherer,dplace
song1303,other,dplace
soni1259,other,dplace
sors1239,hunter-gatherer,guldemannmr_2020
sout2674,other,autotyp
sout2681,other,dplace
sout2732,other,dplace
sout2750,hunter-gatherer,guldemannmr_2020
sout2778,other,autotyp
sout2782,other,dplace
sout2789,other,dplace
sout2790,other,dplace
sout2795,other,dplace
sout2807,other,dplace
sout2832,other,dplace
sout2844,other,dplace
sout2857,other,dplace
sout2869,other,dplace
sout2905,hunter-gatherer,guldemannmr_2020
sout2918,hunter-gatherer,dplace
sout2932,hunter-gatherer,guldemannmr_2020
sout2940,other,dplace
sout2941,hunter-gatherer,guldemannmr_2020
sout2949,hunter-gatherer,guldemannmr_2020
sout2956,hunter-gatherer,guldemannmr_2020
sout2957,hunter-gatherer,guldemannmr_2020
sout2958,hunter-gatherer,guldemannmr_2020
sout2959,hunter-gatherer,guldemannmr_2020
sout2961,other,dplace
sout2963,hunter-gatherer,dplace
sout2965,hunter-gatherer,guldemannmr_2020
sout2967,hunter-gatherer,dplace
sout2969,hunter-gatherer,dplace
sout2978,hunter-gatherer,guldemannmr_2020
sout2982,hunter-gatherer,guldemannmr_2020
sout2984,hunter-gatherer,guldemannmr_2020
sout2985,hunter-gatherer,guldemannmr_2020
sout2986,hunter-gatherer,cysouwc_2013
sout2991,other,autotyp
sout2994,hunter-gatherer,guldemannmr_2020
sout2996,other,autotyp
sout3005,other,autotyp
sout3051,other,dplace
sout3114,other,dplace
sout3117,other,dplace
sout3119,other,dplace
sout3123,other,dplace
spok1245,hunter-gatherer,guldemannmr_2020
squa1248,hunter-gatherer,guldemannmr_2020
stan1288,other,dplace
stan1290,other,dplace
stan1293,other,dplace
stan1295,other,autotyp
ston1242,hunter-gatherer,guldemannmr_2020
stra1244,hunter-gatherer,guldemannmr_2020
suab1238,hunter-gatherer,guldemannmr_2020
suau1242,other,dplace
suki1245,hunter-gatherer,guldemannmr_2020
suku1259,other,dplace
suku1261,other,dplace
sulu1241,hunter-gatherer,guldemannmr_2020
suma1269,hunter-gatherer,guldemannmr_2020
sumb1240,other,dplace
sumb1241,other,dplace
sumi1235,other,dplace
sunn1238,other,dplace
suri1267,other,dplace
susi1238,other,dplace
susu1250,other,dplace
svan1243,other,autotyp
swam1239,hunter-gatherer,guldemannmr_2020
swat1243,other,dplace
taba1267,other,dplace
tabl1243,hunter-gatherer,guldemannmr_2020
tabo1241,hunter-gatherer,guldemannmr_2020
tabr1243,hunter-gatherer,guldemannmr_2020
taca1256,hunter-gatherer,guldemannmr_2020
tach1249,other,dplace
tadh1242,other,dplace
taga1270,other,autotyp
taga1272,hunter-gatherer,guldemannmr_2020
tagb1258,other,dplace
tagi1240,hunter-gatherer,guldemannmr_2020
tahi1242,other,dplace
tahl1239,hunter-gatherer,guldemannmr_2020
taia1239,hunter-gatherer,guldemannmr_2020
tain1254,other,dplace
tair1256,hunter-gatherer,guldemannmr_2020
tait1250,other,dplace
take1257,hunter-gatherer,guldemannmr_2020
tali1262,hunter-gatherer,guldemannmr_2020
taln1239,other,dplace
tama1331,other,dplace
tama1336,hunter-gatherer,guldemannmr_2020
tama1365,other,autotyp
tami1289,other,dplace
tamn1235,hunter-gatherer,guldemannmr_2020
tana1285,other,dplace
tana1288,hunter-gatherer,guldemannmr_2020
tana1289,hunter-gatherer,guldemannmr_2020
tana1290,hunter-gatherer,guldemannmr_2020
tand1256,other,dplace
tang1355,hunter-gatherer,guldemannmr_2020
tang1356,hunter-gatherer,guldemannmr_2020
taos1236,other,dplace
tape1242,hunter-gatherer,guldemannmr_2020
tapi1254,other,dplace
tari1263,other,dplace
taro1263,other,dplace
taul1252,other,dplace
taus1252,hunter-gatherer,guldemannmr_2020
taus1253,hunter-gatherer,guldemannmr_2020
tauy1241,other,autotyp
tawo1244,hunter-gatherer,guldemannmr_2020
taya1256,hunter-gatherer,guldemannmr_2020
taya1257,other,dplace
tbol1240,other,autotyp
teda1241,other,dplace
tefa1238,hunter-gatherer,guldemannmr_2020
tehr1242,other,dplace
tehu1242,hunter-gatherer,guldemannmr_2020
teke1278,other,dplace
tele1256,other,autotyp
telu1262,other,dplace
temb1276,other,dplace
temi1247,other,dplace
temm1241,other,dplace
teni1238,hunter-gatherer,guldemannmr_2020
tepe1279,other,autotyp
tera1251,other,dplace
term1237,other,dplace
ters1235,other,autotyp
tesa1236,other,dplace
teso1249,other,dplace
tete1250,other,dplace
tetu1245,other,dplace
texm1235,other,autotyp
thac1235,hunter-gatherer,guldemannmr_2020
thad1238,other,dplace
thai1261,other,dplace
thay1248,hunter-gatherer,guldemannmr_2020
thay1249,hunter-gatherer,guldemannmr_2020
thom1243,hunter-gatherer,guldemannmr_2020
thur1254,hunter-gatherer,guldemannmr_2020
tibe1272,other,dplace
tiey1235,hunter-gatherer,dplace
tige1238,other,dplace
tigo1236,other,dplace
tigr1271,other,dplace
tiko1237,other,dplace
till1254,hunter-gatherer,guldemannmr_2020
timb1263,other,dplace
timn1235,other,dplace
timu1245,other,dplace
tinp1237,other,dplace
tira1254,other,dplace
tita1241,hunter-gatherer,guldemannmr_2020
tivv1240,other,dplace
tiwi1244,hunter-gatherer,guldemannmr_2020
tjur1240,hunter-gatherer,guldemannmr_2020
tlin1245,hunter-gatherer,guldemannmr_2020
toal1234,hunter-gatherer,guldemannmr_2020
toar1246,hunter-gatherer,guldemannmr_2020
toba1264,other,dplace
toba1268,hunter-gatherer,guldemannmr_2020
toba1269,hunter-gatherer,guldemannmr_2020
tobe1252,other,dplace
toda1252,other,dplace
tofa1246,hunter-gatherer,guldemannmr_2020
toho1246,other,dplace
toke1240,hunter-gatherer,dplace
toll1241,other,dplace
tolo1259,hunter-gatherer,guldemannmr_2020
toma1245,other,dplace
tong1308,hunter-gatherer,guldemannmr_2020
tong1318,other,dplace
tong1325,other,dplace
tong1329,hunter-gatherer,dplace
tonk1249,hunter-gatherer,guldemannmr_2020
toor1238,other,dplace
topo1242,other,dplace
toro1255,hunter-gatherer,guldemannmr_2020
tour1242,other,dplace
towe1240,hunter-gatherer,guldemannmr_2020
town1238,other,dplace
trim1239,hunter-gatherer,guldemannmr_2020
trin1274,other,autotyp
trum1247,hunter-gatherer,guldemannmr_2020
tsak1250,hunter-gatherer,guldemannmr_2020
tsam1247,other,dplace
tset1236,hunter-gatherer,guldemannmr_2020
tsoa1238,hunter-gatherer,guldemannmr_2020
tsog1243,other,dplace
tson1249,other,dplace
tswa1253,other,dplace
tswe1238,other,dplace
tuam1242,hunter-gatherer,dplace
tuba1278,hunter-gatherer,guldemannmr_2020
tuca1252,other,dplace
tugu1246,hunter-gatherer,guldemannmr_2020
tule1245,hunter-gatherer,dplace
tuli1249,other,dplace
tumb1250,other,dplace
tumu1242,other,dplace
tumz1238,other,dplace
tune1261,other,dplace
tung1293,hunter-gatherer,guldemannmr_2020
tuni1252,other,autotyp
tuni1260,other,dplace
tunu1234,hunter-gatherer,cysouwc_2013
tupi1273,hunter-gatherer,guldemannmr_2020
tupi1274,hunter-gatherer,guldemannmr_2020
tupu1244,other,dplace
turk1304,other,dplace
turk1308,other,dplace
turu1250,hunter-gatherer,guldemannmr_2020
tutu1242,hunter-gatherer,guldemannmr_2020
tuuu1240,other,dplace
tuva1244,hunter-gatherer,dplace
tuvi1240,other,autotyp
tuwa1242,hunter-gatherer,guldemannmr_2020
tuwa1243,other,dplace
twan1247,hunter-gatherer,guldemannmr_2020
tyar1236,hunter-gatherer,guldemannmr_2020
tzel1254,other,dplace
tzut1248,other,autotyp
udih1248,hunter-gatherer,guldemannmr_2020
ukit1237,hunter-gatherer,guldemannmr_2020
ulch1241,hunter-gatherer,guldemannmr_2020
ulit1238,other,dplace
ulla1237,hunter-gatherer,guldemannmr_2020
umat1237,hunter-gatherer,guldemannmr_2020
umbi1243,hunter-gatherer,guldemannmr_2020
umbu1235,hunter-gatherer,guldemannmr_2020
umbu1256,hunter-gatherer,guldemannmr_2020
umbu1257,other,dplace
umbu1258,other,dplace
umes1235,other,autotyp
umir1236,hunter-gatherer,guldemannmr_2020
umot1240,hunter-gatherer,guldemannmr_2020
umpi1239,hunter-gatherer,guldemannmr_2020
unam1242,other,dplace
uppe1274,hunter-gatherer,dplace
uppe1437,hunter-gatherer,guldemannmr_2020
uppe1438,hunter-gatherer,guldemannmr_2020
uppe1439,hunter-gatherer,guldemannmr_2020
urad1238,hunter-gatherer,autotyp
urad1239,hunter-gatherer,guldemannmr_2020
urak1238,hunter-gatherer,guldemannmr_2020
ural1274,hunter-gatherer,guldemannmr_2020
urni1239,hunter-gatherer,guldemannmr_2020
uruu1244,hunter-gatherer,dplace
usil1237,other,autotyp
usku1243,hunter-gatherer,guldemannmr_2020
utee1244,hunter-gatherer,cysouwc_2013
utes1238,hunter-gatherer,guldemannmr_2020
vaal1235,hunter-gatherer,guldemannmr_2020
vagh1249,other,dplace
vagl1239,other,dplace
vaii1241,other,dplace
vall1251,hunter-gatherer,dplace
vall1252,hunter-gatherer,guldemannmr_2020
vani1248,hunter-gatherer,guldemannmr_2020
vase1234,hunter-gatherer,guldemannmr_2020
vedd1240,hunter-gatherer,guldemannmr_2020
vend1245,other,dplace
vent1242,hunter-gatherer,guldemannmr_2020
veps1250,other,dplace
viet1252,other,dplace
vile1241,hunter-gatherer,guldemannmr_2020
vill1242,hunter-gatherer,guldemannmr_2020
voti1245,other,dplace
vute1244,other,dplace
waat1238,hunter-gatherer,guldemannmr_2020
wabo1241,hunter-gatherer,guldemannmr_2020
wadj1254,hunter-gatherer,guldemannmr_2020
wadj1255,hunter-gatherer,guldemannmr_2020
waga1260,hunter-gatherer,guldemannmr_2020
wage1238,hunter-gatherer,guldemannmr_2020
wail1244,hunter-gatherer,guldemannmr_2020
waiw1244,hunter-gatherer,guldemannmr_2020
waja1257,hunter-gatherer,guldemannmr_2020
waka1274,hunter-gatherer,guldemannmr_2020
wala1270,hunter-gatherer,dplace
wall1238,hunter-gatherer,guldemannmr_2020
wall1255,other,dplace
wall1257,other,dplace
walm1241,hunter-gatherer,guldemannmr_2020
wamb1258,hunter-gatherer,guldemannmr_2020
wamb1259,other,autotyp
wame1240,other,dplace
wami1239,hunter-gatherer,guldemannmr_2020
wamp1249,other,autotyp
wand1263,hunter-gatherer,guldemannmr_2020
wang1289,hunter-gatherer,guldemannmr_2020
wang1290,hunter-gatherer,guldemannmr_2020
wang1291,hunter-gatherer,guldemannmr_2020
wang1299,hunter-gatherer,guldemannmr_2020
wanm1242,hunter-gatherer,guldemannmr_2020
want1252,other,dplace
waor1240,hunter-gatherer,guldemannmr_2020
wapi1253,other,dplace
wapp1239,hunter-gatherer,guldemannmr_2020
wara1290,hunter-gatherer,guldemannmr_2020
wara1303,hunter-gatherer,guldemannmr_2020
ward1246,hunter-gatherer,guldemannmr_2020
ware1253,hunter-gatherer,guldemannmr_2020
wari1262,hunter-gatherer,guldemannmr_2020
wari1264,hunter-gatherer,guldemannmr_2020
wark1247,hunter-gatherer,guldemannmr_2020
warl1254,hunter-gatherer,guldemannmr_2020
warl1255,hunter-gatherer,guldemannmr_2020
warl1256,hunter-gatherer,guldemannmr_2020
waro1242,hunter-gatherer,guldemannmr_2020
warr1255,hunter-gatherer,guldemannmr_2020
warr1257,hunter-gatherer,cysouwc_2013
warr1258,hunter-gatherer,guldemannmr_2020
waru1264,hunter-gatherer,guldemannmr_2020
waru1265,hunter-gatherer,guldemannmr_2020
waru1267,hunter-gatherer,guldemannmr_2020
wasc1239,hunter-gatherer,guldemannmr_2020
wash1253,hunter-gatherer,guldemannmr_2020
wata1251,hunter-gatherer,guldemannmr_2020
wata1253,hunter-gatherer,guldemannmr_2020
wath1238,hunter-gatherer,cysouwc_2013
waya1269,other,dplace
wayu1243,other,dplace
wena1241,hunter-gatherer,dplace
were1244,hunter-gatherer,guldemannmr_2020
west1508,other,dplace
west1510,hunter-gatherer,guldemannmr_2020
west2369,other,autotyp
west2386,other,dplace
west2396,other,dplace
west2405,other,dplace
west2408,other,dplace
west2418,other,dplace
west2435,hunter-gatherer,guldemannmr_2020
west2441,hunter-gatherer,guldemannmr_2020
west2443,hunter-gatherer,cysouwc_2013
west2454,other,dplace
west2458,other,dplace
west2488,other,dplace
west2492,other,dplace
west2555,other,autotyp
west2563,hunter-gatherer,guldemannmr_2020
west2615,hunter-gatherer,guldemannmr_2020
west2618,hunter-gatherer,guldemannmr_2020
west2622,hunter-gatherer,dplace
west2630,hunter-gatherer,guldemannmr_2020
west2632,other,autotyp
west2721,other,dplace
wich1260,other,dplace
wich1262,hunter-gatherer,guldemannmr_2020
wich1263,hunter-gatherer,guldemannmr_2020
wich1264,hunter-gatherer,guldemannmr_2020
wika1238,hunter-gatherer,guldemannmr_2020
wike1239,hunter-gatherer,guldemannmr_2020
wiki1239,hunter-gatherer,guldemannmr_2020
wikk1239,hunter-gatherer,guldemannmr_2020
wikm1246,hunter-gatherer,guldemannmr_2020
wikm1247,hunter-gatherer,guldemannmr_2020
wikn1245,hunter-gatherer,guldemannmr_2020
wikn1246,hunter-gatherer,guldemannmr_2020
wila1240,hunter-gatherer,guldemannmr_2020
wint1259,hunter-gatherer,guldemannmr_2020
wipi1242,hunter-gatherer,guldemannmr_2020
wira1260,hunter-gatherer,guldemannmr_2020
wira1262,hunter-gatherer,guldemannmr_2020
wira1265,hunter-gatherer,cysouwc_2013
wiyo1248,hunter-gatherer,guldemannmr_2020
woga1249,hunter-gatherer,guldemannmr_2020
woge1237,other,dplace
woiw1237,hunter-gatherer,cysouwc_2013
womo1238,other,autotyp
wood1236,hunter-gatherer,guldemannmr_2020
wori1245,hunter-gatherer,guldemannmr_2020
wori1246,hunter-gatherer,guldemannmr_2020
woro1255,hunter-gatherer,cysouwc_2013
worr1237,hunter-gatherer,autotyp
wuch1236,other,dplace
wuli1242,hunter-gatherer,guldemannmr_2020
wuln1239,hunter-gatherer,guldemannmr_2020
wuna1249,hunter-gatherer,guldemannmr_2020
wurr1238,hunter-gatherer,guldemannmr_2020
wuvu1239,hunter-gatherer,dplace
wyan1247,other,dplace
xaas1235,other,dplace
xamm1241,hunter-gatherer,guldemannmr_2020
xava1240,hunter-gatherer,guldemannmr_2020
xegw1238,hunter-gatherer,guldemannmr_2020
xere1240,other,dplace
xesi1238,other,dplace
xeta1241,hunter-gatherer,guldemannmr_2020
xevs1238,other,dplace
xico1235,other,autotyp
xokl1240,hunter-gatherer,dplace
xooo1239,hunter-gatherer,autotyp
xuku1239,hunter-gatherer,guldemannmr_2020
yaak1241,hunter-gatherer,guldemannmr_2020
yaba1248,other,dplace
yaey1239,other,dplace
yafi1240,hunter-gatherer,guldemannmr_2020
yaga1260,other,autotyp
yagu1244,hunter-gatherer,dplace
yaha1248,hunter-gatherer,guldemannmr_2020
yaka1269,other,dplace
yaka1272,hunter-gatherer,guldemannmr_2020
yaki1237,hunter-gatherer,guldemannmr_2020
yaku1245,other,dplace
yala1262,hunter-gatherer,guldemannmr_2020
yala1267,other,dplace
yale1246,hunter-gatherer,guldemannmr_2020
yalu1240,other,dplace
yama1264,hunter-gatherer,guldemannmr_2020
yami1254,other,dplace
yana1271,hunter-gatherer,guldemannmr_2020
yand1253,hunter-gatherer,guldemannmr_2020
yang1288,hunter-gatherer,guldemannmr_2020
yank1247,hunter-gatherer,guldemannmr_2020
yann1237,hunter-gatherer,guldemannmr_2020
yano1261,hunter-gatherer,guldemannmr_2020
yano1262,hunter-gatherer,guldemannmr_2020
yans1239,other,dplace
yany1243,hunter-gatherer,guldemannmr_2020
yaoo1241,other,dplace
yape1248,other,dplace
yaqa1246,hunter-gatherer,guldemannmr_2020
yaqu1251,other,dplace
yatz1235,other,autotyp
yaul1241,hunter-gatherer,guldemannmr_2020
yava1252,hunter-gatherer,dplace
yawa1258,hunter-gatherer,guldemannmr_2020
yawi1238,hunter-gatherer,guldemannmr_2020
yawu1244,hunter-gatherer,guldemannmr_2020
yayg1236,hunter-gatherer,cysouwc_2013
yecu1235,other,autotyp
yekh1238,other,dplace
yela1238,other,dplace
yelm1242,hunter-gatherer,guldemannmr_2020
yelo1243,hunter-gatherer,guldemannmr_2020
yera1243,hunter-gatherer,guldemannmr_2020
yess1239,hunter-gatherer,guldemannmr_2020
yetf1238,hunter-gatherer,guldemannmr_2020
yidi1250,hunter-gatherer,guldemannmr_2020
yima1243,hunter-gatherer,guldemannmr_2020
yind1247,hunter-gatherer,guldemannmr_2020
yind1248,hunter-gatherer,guldemannmr_2020
yine1238,other,dplace
ying1247,hunter-gatherer,guldemannmr_2020
yiry1245,hunter-gatherer,guldemannmr_2020
yoke1238,hunter-gatherer,guldemannmr_2020
yoku1256,hunter-gatherer,guldemannmr_2020
yomb1244,other,dplace
yort1237,hunter-gatherer,cysouwc_2013
yoru1245,other,autotyp
yoso1239,other,autotyp
youl1235,hunter-gatherer,guldemannmr_2020
yuca1254,other,dplace
yuch1247,other,dplace
yuec1235,other,dplace
yuga1244,hunter-gatherer,guldemannmr_2020
yugh1239,hunter-gatherer,cysouwc_2013
yugh1240,hunter-gatherer,guldemannmr_2020
yuhu1238,hunter-gatherer,guldemannmr_2020
yuki1243,hunter-gatherer,guldemannmr_2020
yukp1241,hunter-gatherer,dplace
yulp1238,hunter-gatherer,cysouwc_2013
yuqu1240,hunter-gatherer,guldemannmr_2020
yuro1248,hunter-gatherer,guldemannmr_2020
yusu1238,other,dplace
yuwa1244,hunter-gatherer,guldemannmr_2020
zand1248,other,dplace
zapa1253,other,autotyp
zarm1239,other,dplace
zena1248,other,dplace
ziaa1251,other,dplace
zigu1242,other,dplace
zima1244,hunter-gatherer,guldemannmr_2020
zinz1238,other,dplace
zoog1238,other,autotyp
zulu1248,other,dplace
zuni1245,other,dplace
